collection_handle,collection_title,exists_in_store,description_to_set,seo_title,seo_description,source
dresses,Dresses,no,"Explore dresses shaped by the color and character of the Hartmann Studio archive. Kambric Goods brings original mid-century hand-painted textile prints into contemporary womenswear, pairing expressive motifs with silhouettes made for the present. Each print carries its own story, from botanical studies to folk-inspired geometry, and is offered in thoughtfully limited quantities. Browse the current dress collection to find a piece that feels distinctly personal, whether you are dressing for an everyday outing or a special occasion. When an archive print is gone, it may not return.",Heritage Print Dresses | Kambric Goods,Shop Kambric Goods dresses in original hand-painted heritage prints. Discover limited-quantity contemporary womenswear designed in the Bay Area.,"categoryMeta.ts:10-18, SEO.md:20"
kaftans,Kaftans,no,"Kambric Goods kaftans bring a relaxed silhouette together with the vivid artwork of the Hartmann Studio archive. Original mid-century hand-painted prints give each piece its own sense of movement, color, and history, while an easy shape makes it simple to wear throughout the day. Explore the available designs, including patterns inspired by botanicals, folk traditions, and the archive’s more adventurous color studies. Every style is produced in limited quantities, so the selection reflects what is available now rather than a promise of permanent restocks. Find the print that feels like your own.",Printed Kaftans | Kambric Goods,"Discover Kambric Goods kaftans in expressive prints from the Hartmann Studio archive, made in limited quantities and designed in the Bay Area.","categoryMeta.ts:19-27, SEO.md:21"
coats,Coats,no,"Discover outerwear that lets an archive print take center stage. Kambric Goods coats pair considered contemporary design with original mid-century artwork preserved from the Hartmann Studio archive. Their distinctive patterns bring color and character to the layers you reach for most, turning a practical piece into a personal expression of print and craft. Browse the coats currently available and explore the different motifs, palettes, and references behind them. The collection is made in limited quantities, and individual prints may not return once they have sold through, making each available piece part of a small and changing archive.",Printed Coats & Outerwear | Kambric Goods,"Explore Kambric Goods coats and outerwear featuring original heritage prints from the Hartmann Studio archive, in limited quantities.","categoryMeta.ts:28-36, SEO.md:22"
swimwear,Swimwear,no,"Bring the color of the Hartmann Studio archive to swim days with Kambric Goods swimwear. The collection pairs contemporary design with original hand-painted prints created in the mid-century, preserving the lively details and unexpected palettes of the source artwork. Each print offers a different way into the archive, from garden-inspired forms to graphic, kaleidoscopic compositions. Browse the pieces available now and find a design that feels at home by the water and beyond. Styles are produced in limited quantities, and a print may not be repeated after the current run is gone.",Heritage Print Swimwear | Kambric Goods,"Shop Kambric Goods swimwear in colorful prints from the Hartmann Studio archive, designed in the Bay Area and made in limited quantities.","categoryMeta.ts:37-45, SEO.md:23"
accessories,Accessories,no,"Explore accessories that bring the distinctive prints of the Hartmann Studio archive into the everyday. Kambric Goods draws on original mid-century hand-painted artwork to create pieces with color, detail, and a connection to the history behind each motif. These small accents offer an easy way to carry an archive print into your own wardrobe, whether you are drawn to botanical forms, folk references, or brighter experimental patterns. Browse the current selection to see which designs are available. Each piece is made in limited quantities, and not every print will return once its run has sold out.",Printed Accessories | Kambric Goods,"Find Kambric Goods accessories featuring original hand-painted prints from the Hartmann Studio archive, thoughtfully made in small quantities.","categoryMeta.ts:46-54, SEO.md:24"
sale,Sale,no,"End of Summer Sale — 20% off select Kambric Goods archive pieces through the end of August. Limited-quantity heritage prints, while they last.",End of Summer Sale | Kambric Goods,"End of Summer Sale — 20% off select Kambric Goods archive pieces through the end of August. Limited-quantity heritage prints, while they last.",SEO.md:19 — ⚠️ stale promo copy (20% / end of August): rewrite before use
folklore,Folklore,yes,"Rooted in Kati's earliest work — folk motifs, handwoven references, the geometry of old-world textiles rendered in her unmistakable hand.",Folklore | Kambric Goods,"Rooted in Kati's earliest work — folk motifs, handwoven references, the geometry of old-world textiles rendered in her unmistakable hand.","Shop.tsx:14, SEO.md:26"
whimsy,Whimsy,yes,"Drawn from Kati's garden studies along the St. Lawrence. Lush, saturated, alive — every stem and petal painted from the real thing.",Whimsy | Kambric Goods,"Drawn from Kati's garden studies along the St. Lawrence. Lush, saturated, alive — every stem and petal painted from the real thing.","Shop.tsx:15 (Botanicals renamed to Whimsy), SEO.md:26"
psychedelics,Psychedelics,yes,The most vivid prints in the archive. Kati made these in the early '70s — kaleidoscopic colour fields that still feel ahead of their time.,Psychedelics | Kambric Goods,The most vivid prints in the archive. Kati made these in the early '70s — kaleidoscopic colour fields that still feel ahead of their time.,"Shop.tsx:16, SEO.md:26"
