Redirect from,Redirect to
/home/p/maty-car-coat-pffhg,/products/vera-car-coat?variant=46124608356586
/home/p/presale-linen-slip-dress-in-grapefruit-tartan-2x9xt,/products/zadie-linen-dress?variant=46124607537386
/home/p/presale-wildflowers-one-piece-maillot,/products/margit-one-piece?variant=46124607209706
/home/p/twilight-blue-silky-slip-dress,/products/jessie-slip-dress-in-twilight-plumes
/home/p/twilight-blue-silk-scarf,/products/bodie-scarf-in-twilight-plumes
/home/p/good-vibrations-kaftan-dress-csytw,/products/esther-kaftan?variant=46124607930602
/home/p/good-vibrations-one-piece-8kal6,/products/margit-one-piece?variant=46124606292202
/home/p/midnight-gingko-twill-coat,/products/vera-car-coat?variant=46124608225514
/home/p/hampui-x-kg-lavender-cowboy-hat,/collections/accessories
/home/shop-all,/collections/all
/home/accessories/scarves,/collections/accessories
/home/accessories/hats,/collections/accessories
/happenings/embroidery-pop-up-riverco,/pages/events
/blogs/news,/blogs/journal
