Redirect from,Redirect to
/about,/pages/about
/admin,/
/api/sitemap.xml,/sitemap.xml
/collections/botanicals,/collections/whimsy
/contact,/pages/contact
/events,/pages/events
/journal,/blogs/journal
/journal/arielle-dress,/blogs/journal/arielle-dress
/journal/chainstitch,/blogs/journal/chainstitch
/journal/first-look-ss27,/blogs/journal/first-look-ss27
/journal/gearing-up-for-dallas,/blogs/journal/gearing-up-for-dallas
/journal/where-kambric-began,/blogs/journal/where-kambric-began
/privacy-policy,/policies/privacy-policy
/returns,/pages/returns
/sale,/collections/sale
/shipping,/pages/shipping
/shop/accessories,/collections/accessories
/shop/coats,/collections/coats
/shop/dresses,/collections/dresses
/shop/kaftans,/collections/kaftans
/shop/swimwear,/collections/swimwear
/size-guide,/pages/size-guide
/terms-of-service,/policies/terms-of-service
/wholesale,/pages/wholesale
/products/8681284010218,/products/vera-car-coat?variant=46124608258282
/products/8681284075754,/products/vera-car-coat?variant=46124608356586
/products/8681284141290,/products/zadie-linen-dress?variant=46124607373546
/products/8681284206826,/products/zadie-linen-dress?variant=46124607537386
/products/8681284239594,/products/zadie-linen-dress?variant=46124607799530
/products/8681284272362,/products/kati-slip-dress-in-matyo-floral
/products/8681284305130,/products/jessie-slip-dress-in-twilight-plumes
/products/8681284370666,/products/margit-one-piece?variant=46124605898986
/products/8681284403434,/products/margit-one-piece?variant=46124606095594
/products/8681284436202,/products/margit-one-piece?variant=46124606292202
/products/8681284468970,/products/margit-one-piece?variant=46124606488810
/products/8681284501738,/products/margit-one-piece?variant=46124606685418
/products/8681284534506,/products/margit-one-piece?variant=46124606882026
/products/8681284567274,/products/esther-kaftan?variant=46124607930602
/products/8681284600042,/products/esther-kaftan?variant=46124608094442
/products/8681284632810,/products/esther-kaftan?variant=46124608127210
/products/8681284665578,/products/bodie-scarf-in-twilight-plumes
/products/8681284698346,/products/goldie-bandana-in-matyo-floral
/products/8681285058794,/products/margit-one-piece?variant=46124607078634
/products/8681285091562,/products/margit-one-piece?variant=46124607209706
/products/8690544312554,/products/margit-one-piece
/products/8690544345322,/products/zadie-linen-dress
/products/8690544378090,/products/esther-kaftan
/products/8690544410858,/products/vera-car-coat
/products/8721345642730,/products/arielle-dress
/products/esther-kaftan-in-dahlia-seed,/products/esther-kaftan?variant=46124608094442
/products/esther-kaftan-in-good-vibrations,/products/esther-kaftan?variant=46124607930602
/products/esther-kaftan-in-magnolia,/products/esther-kaftan?variant=46124608127210
/products/kati-slip-dress-in-sunset-plumes,/products/jessie-slip-dress-in-twilight-plumes
/products/margit-one-piece-in-dahlia-seed,/products/margit-one-piece?variant=46124605898986
/products/margit-one-piece-in-good-vibrations,/products/margit-one-piece?variant=46124606292202
/products/margit-one-piece-in-magnolia,/products/margit-one-piece?variant=46124606882026
/products/margit-one-piece-in-matyo-floral,/products/margit-one-piece?variant=46124607078634
/products/margit-one-piece-in-moon-illusion,/products/margit-one-piece?variant=46124606095594
/products/margit-one-piece-in-orange-asterisk,/products/margit-one-piece?variant=46124606685418
/products/margit-one-piece-in-pastel-asterisk,/products/margit-one-piece?variant=46124606488810
/products/margit-one-piece-in-wildflowers,/products/margit-one-piece?variant=46124607209706
/products/vera-coat-in-matyo-floral,/products/vera-car-coat?variant=46124608356586
/products/vera-coat-in-midnight-plumes,/products/vera-car-coat?variant=46124608258282
/products/vera-coat-in-sunrise-plumes,/products/vera-car-coat
/products/zadie-linen-dress-in-wildflowers,/products/zadie-linen-dress?variant=46124607373546
/products/zadie-linen-dress-in-candied-plaid,/products/zadie-linen-dress?variant=46124607537386
/products/zadie-linen-dress-in-cherry-coupe,/products/zadie-linen-dress?variant=46124607799530
